-- phpMyAdmin SQL Dump
-- version 4.0.10deb1
-- http://www.phpmyadmin.net
--
-- Host: localhost
-- Generation Time: Mar 16, 2015 at 09:43 AM
-- Server version: 5.5.41-0ubuntu0.14.04.1
-- PHP Version: 5.5.9-1ubuntu4.6

SET SQL_MODE = "NO_AUTO_VALUE_ON_ZERO";
SET time_zone = "+00:00";


/*!40101 SET @OLD_CHARACTER_SET_CLIENT=@@CHARACTER_SET_CLIENT */;
/*!40101 SET @OLD_CHARACTER_SET_RESULTS=@@CHARACTER_SET_RESULTS */;
/*!40101 SET @OLD_COLLATION_CONNECTION=@@COLLATION_CONNECTION */;
/*!40101 SET NAMES utf8 */;

--
-- Database: `db_lc`
--

-- --------------------------------------------------------

--
-- Table structure for table `location`
--

CREATE TABLE IF NOT EXISTS `location` (
  `id` int(11) NOT NULL AUTO_INCREMENT,
  `prefix` varchar(5) NOT NULL,
  `name` varchar(50) NOT NULL,
  `sno` int(11) NOT NULL,
  `deleted` tinyint(1) NOT NULL,
  PRIMARY KEY (`id`)
) ENGINE=InnoDB  DEFAULT CHARSET=latin1 AUTO_INCREMENT=2 ;

--
-- Dumping data for table `location`
--

INSERT INTO `location` (`id`, `prefix`, `name`, `sno`, `deleted`) VALUES
(1, 'GA', 'Greater Accra', 400, 0);

-- --------------------------------------------------------

--
-- Table structure for table `nchart`
--

CREATE TABLE IF NOT EXISTS `nchart` (
  `id` int(11) NOT NULL AUTO_INCREMENT,
  `location` int(11) NOT NULL,
  `volume` int(11) NOT NULL,
  `district` varchar(5) NOT NULL,
  `user` int(11) NOT NULL,
  `deleted` tinyint(1) NOT NULL,
  PRIMARY KEY (`id`)
) ENGINE=InnoDB DEFAULT CHARSET=latin1 AUTO_INCREMENT=1 ;

-- --------------------------------------------------------

--
-- Table structure for table `record`
--

CREATE TABLE IF NOT EXISTS `record` (
  `id` int(11) NOT NULL AUTO_INCREMENT,
  `cno` varchar(50) NOT NULL,
  `type` varchar(10) NOT NULL,
  `prop` varchar(100) NOT NULL,
  `amtpaid` double NOT NULL,
  `doi` date NOT NULL,
  `lno` varchar(50) NOT NULL,
  `pno` varchar(50) NOT NULL,
  `section` int(11) NOT NULL,
  `plno` varchar(50) NOT NULL,
  `dol` date NOT NULL,
  `volume` varchar(11) NOT NULL,
  `folio` int(11) NOT NULL,
  `remarks` varchar(100) NOT NULL,
  `user` int(11) NOT NULL,
  `location` int(11) NOT NULL,
  `created` datetime NOT NULL,
  `deleted` tinyint(1) NOT NULL,
  PRIMARY KEY (`id`)
) ENGINE=InnoDB DEFAULT CHARSET=latin1 AUTO_INCREMENT=1 ;

-- --------------------------------------------------------

--
-- Table structure for table `section`
--

CREATE TABLE IF NOT EXISTS `section` (
  `id` int(11) NOT NULL AUTO_INCREMENT,
  `location` int(11) NOT NULL,
  `volume` int(11) NOT NULL,
  `no` varchar(20) NOT NULL,
  `name` varchar(50) NOT NULL,
  `user` int(11) NOT NULL,
  `deleted` tinyint(1) NOT NULL,
  PRIMARY KEY (`id`)
) ENGINE=InnoDB  DEFAULT CHARSET=latin1 AUTO_INCREMENT=281 ;

--
-- Dumping data for table `section`
--

INSERT INTO `section` (`id`, `location`, `volume`, `no`, `name`, `user`, `deleted`) VALUES
(1, 1, 1, '1', 'ABELENKPE', 1, 0),
(2, 1, 2, '2', 'DZORWULU', 1, 0),
(3, 1, 2, '3', 'DZORWULU', 1, 0),
(4, 1, 3, '4', 'AIRPORT RESIDENTIAL', 1, 0),
(5, 1, 4, '7', 'KOTOBABI', 2, 0),
(6, 1, 4, '8', 'ALAJO', 2, 0),
(7, 1, 5, '9', 'ACCRA NEWTOWN', 2, 0),
(8, 1, 6, '10', 'NIMA', 2, 0),
(9, 1, 6, '11', 'MAMOBI', 2, 0),
(10, 1, 6, '12', 'NIMA', 2, 0),
(11, 1, 7, '13', 'ACCRA NEWTOWN KOKOMLEMLE', 2, 0),
(12, 1, 7, '14', '######', 2, 0),
(13, 1, 8, '15', 'W. CANTONMENT', 2, 0),
(14, 1, 8, '16', 'CENTRAL CANT', 2, 0),
(15, 1, 8, '17A', '######', 2, 0),
(16, 1, 9, '17B', '######', 2, 0),
(17, 1, 9, '18', 'LABONI', 2, 0),
(18, 1, 10, '19', 'RINGWAY ESTATE OSU', 2, 0),
(19, 1, 10, '20', 'W. RIDGE LABONE', 2, 0),
(20, 1, 10, '21', 'ASYLUM DOWN ADABRAKA', 2, 0),
(21, 1, 11, '22A', 'LA BAABI', 2, 0),
(22, 1, 11, '22B', '######', 2, 0),
(23, 1, 11, '23', 'LABONI', 2, 0),
(24, 1, 12, '24', 'OSU', 2, 0),
(25, 1, 12, '25', 'SOUTH LABONE', 2, 0),
(26, 1, 12, '26', 'OSU', 2, 0),
(27, 1, 13, '27', '######', 2, 0),
(28, 1, 13, '28', 'ASYLUM DOWN ADABRAKA', 2, 0),
(29, 1, 14, '29', '######', 2, 0),
(30, 1, 14, '30', 'ACCRA CENTRAL', 2, 0),
(31, 1, 15, '31', 'JAMES TOWN KOLE GONNO', 2, 0),
(32, 1, 15, '32', '######', 2, 0),
(33, 1, 16, '33', '######', 2, 0),
(34, 1, 16, '34', 'LATERBIOKORSHIE  MAMPROBI', 2, 0),
(35, 1, 17, '35', 'LATERBIOKORSHIE', 2, 0),
(36, 1, 17, '36', 'SAON ZONGO', 2, 0),
(37, 1, 18, '37', 'KOLE BU', 2, 0),
(38, 1, 18, '38', '######', 2, 0),
(39, 1, 19, '39', 'JAMES TOWN', 2, 0),
(40, 1, 19, '40', 'AGBOGBLOSIE', 2, 0),
(41, 1, 20, '41', '######', 2, 0),
(42, 1, 20, '42', 'IND. AREA', 2, 0),
(43, 1, 21, '43', '######', 2, 0),
(44, 1, 21, '44', 'KANESHIE BUBUASHIE', 2, 0),
(45, 1, 22, '45', '######', 2, 0),
(46, 1, 22, '46', 'AVENOR KOKOMLEMLE', 2, 0),
(47, 1, 23, '47', 'N. IND. AREA', 2, 0),
(48, 1, 24, '48', 'N. KANESHIE', 2, 0),
(49, 1, 24, '49', '######', 2, 0),
(50, 1, 25, '50', 'IND. AREA', 2, 0),
(51, 1, 25, '51', 'TESANO', 2, 0),
(52, 1, 26, '52', 'CHORKOR', 2, 0),
(53, 1, 26, '53', 'DANSOMAN', 2, 0),
(54, 1, 27, '53/2', '######', 2, 0),
(55, 1, 27, '54', 'DANSOMAN LATERBIOKOSHIE', 2, 0),
(56, 1, 27, '55', 'DANSOMAN', 2, 0),
(57, 1, 28, '56', 'DANSOMAN', 2, 0),
(58, 1, 28, '58', 'MATAHEKO NEW ABOSSEY OKAI', 2, 0),
(59, 1, 29, '57', 'DANSOMAN LATERBIOKOSHIE', 2, 0),
(60, 1, 30, '59', 'S. ODORKOR EST', 2, 0),
(61, 1, 30, '60', '######', 2, 0),
(62, 1, 31, '61', 'S. ODORKOR', 2, 0),
(63, 1, 31, '62', '######', 2, 0),
(64, 1, 32, '63', '######', 2, 0),
(65, 1, 32, '64', 'ODORKOR KWASHIEMAN', 2, 0),
(66, 1, 33, '65', 'KWASHIEMAN', 2, 0),
(67, 1, 33, '66', 'DARKOMAN', 2, 0),
(68, 1, 34, '67', '######', 2, 0),
(69, 1, 34, '68', '######', 2, 0),
(70, 1, 34, '69', '######', 2, 0),
(71, 1, 35, '70', 'NUNGUA', 2, 0),
(72, 1, 36, '71', '######', 2, 0),
(73, 1, 36, '71/2', '######', 2, 0),
(74, 1, 36, '72', '######', 2, 0),
(75, 1, 37, '73', '######', 2, 0),
(76, 1, 37, '74', 'TESHIE NUNGUA  ESTATE', 2, 0),
(77, 1, 37, '75', '######', 2, 0),
(78, 1, 104, '315', '######', 2, 0),
(79, 1, 103, '305', '######', 2, 0),
(80, 1, 100, '265', '######', 2, 0),
(81, 1, 100, '266', '######', 2, 0),
(82, 1, 100, '267', '######', 2, 0),
(83, 1, 100, '268', '######', 2, 0),
(84, 1, 99, '261', '######', 2, 0),
(85, 1, 99, '262', '######', 2, 0),
(86, 1, 99, '263', '######', 2, 0),
(87, 1, 99, '264', '######', 2, 0),
(88, 1, 98, '256', '######', 2, 0),
(89, 1, 98, '257', '######', 2, 0),
(90, 1, 98, '258', '######', 2, 0),
(91, 1, 98, '259/260', '######', 2, 0),
(92, 1, 97, '252', '######', 2, 0),
(93, 1, 97, '253', '######', 2, 0),
(94, 1, 97, '254', '######', 2, 0),
(95, 1, 97, '255', '######', 2, 0),
(96, 1, 96, '248', '######', 2, 0),
(97, 1, 96, '249', '######', 2, 0),
(98, 1, 96, '250', '######', 2, 0),
(99, 1, 96, '251', '######', 2, 0),
(100, 1, 95, '244', '######', 2, 0),
(101, 1, 95, '245', '######', 2, 0),
(102, 1, 95, '246', '######', 2, 0),
(103, 1, 95, '247', '######', 2, 0),
(104, 1, 94, '240', '######', 2, 0),
(105, 1, 94, '241', '######', 2, 0),
(106, 1, 94, '242', '######', 2, 0),
(107, 1, 94, '243', 'SAMPAMAN', 2, 0),
(108, 1, 93, '236', '######', 2, 0),
(109, 1, 93, '237', '######', 2, 0),
(110, 1, 93, '238', '######', 2, 0),
(111, 1, 93, '239', '######', 2, 0),
(112, 1, 92, '232', 'GBAWE', 2, 0),
(113, 1, 92, '233', '######', 2, 0),
(114, 1, 92, '234', '######', 2, 0),
(115, 1, 92, '235', '######', 2, 0),
(116, 1, 91, '228', '######', 2, 0),
(117, 1, 91, '229', '######', 2, 0),
(118, 1, 91, '230', '######', 2, 0),
(119, 1, 91, '231', 'POKUASE AMANFRO', 2, 0),
(120, 1, 90, '224', '######', 2, 0),
(121, 1, 90, '225', '######', 2, 0),
(122, 1, 90, '226', '######', 2, 0),
(123, 1, 90, '227', '######', 2, 0),
(124, 1, 89, '220', '######', 2, 0),
(125, 1, 89, '221', '######', 2, 0),
(126, 1, 89, '222', '######', 2, 0),
(127, 1, 89, '223', 'GBAWE', 2, 0),
(128, 1, 88, '217', '######', 2, 0),
(129, 1, 88, '218', 'MALLAM GBAWE', 2, 0),
(130, 1, 88, '219', 'GBAWE', 2, 0),
(131, 1, 87, '214', 'AMANFRO', 2, 0),
(132, 1, 87, '215', '######', 2, 0),
(133, 1, 87, '216', '######', 2, 0),
(134, 1, 86, '211', 'NEW ABETIAMAN', 2, 0),
(135, 1, 86, '212', 'OFANKOR', 2, 0),
(136, 1, 86, '213', '######', 2, 0),
(137, 1, 85, '208', '######', 2, 0),
(138, 1, 85, '209', '######', 2, 0),
(139, 1, 85, '210', '######', 2, 0),
(140, 1, 84, '204', '######', 2, 0),
(141, 1, 84, '205', '######', 2, 0),
(142, 1, 84, '206', 'AMAMOLI', 2, 0),
(143, 1, 84, '207', '######', 2, 0),
(144, 1, 83, '201', 'OFANKOR', 2, 0),
(145, 1, 83, '202', 'OFANKOR', 2, 0),
(146, 1, 83, '203', '######', 2, 0),
(147, 1, 82, '198', '######', 2, 0),
(148, 1, 82, '199', '######', 2, 0),
(149, 1, 82, '200', '######', 2, 0),
(150, 1, 81, '195', 'ABLEKUMA', 2, 0),
(151, 1, 81, '196', '######', 2, 0),
(152, 1, 81, '197', '######', 2, 0),
(153, 1, 80, '192', 'ANYAAH', 2, 0),
(154, 1, 80, '193', 'ANYAA', 2, 0),
(155, 1, 80, '194', '######', 2, 0),
(156, 1, 79, '189', 'AKWETEMAN', 2, 0),
(157, 1, 79, '190', 'N. ABEKA', 2, 0),
(158, 1, 79, '191', 'SOWUTUOM', 2, 0),
(159, 1, 38, '76', '######', 2, 0),
(160, 1, 38, '77', 'NUNGUA', 2, 0),
(161, 1, 38, '78', 'TESHIE NUNGUA  ESTATE', 2, 0),
(162, 1, 39, '79', 'TESHIE', 2, 0),
(163, 1, 39, '80', 'TESHIE', 2, 0),
(164, 1, 39, '80A', '######', 2, 0),
(165, 1, 40, '81', '######', 2, 0),
(166, 1, 40, '82', '######', 2, 0),
(167, 1, 40, '83', 'N. TESHIE', 2, 0),
(168, 1, 41, '83A', '######', 2, 0),
(169, 1, 41, '84', '######', 2, 0),
(170, 1, 41, '84A', '######', 2, 0),
(171, 1, 42, '85', '######', 2, 0),
(172, 1, 42, '86', 'TRADE FAIR', 2, 0),
(173, 1, 42, '87', '######', 2, 0),
(174, 1, 43, '88', '######', 2, 0),
(175, 1, 43, '89', 'AIRPORT HOUSE ESTATE', 2, 0),
(176, 1, 43, '90', 'NORTH AIRPORT', 2, 0),
(177, 1, 44, '91', '######', 2, 0),
(178, 1, 44, '92', '######', 2, 0),
(179, 1, 44, '93', 'MARTEY TSURU', 2, 0),
(180, 1, 45, '93A', '######', 2, 0),
(181, 1, 45, '94', 'MARTEY TSURU', 2, 0),
(182, 1, 45, '95', 'OKPOI GONNO', 2, 0),
(183, 1, 46, '95A', '######', 2, 0),
(184, 1, 46, '96', 'TESSA E. AIRPORT', 2, 0),
(185, 1, 46, '97', '######', 2, 0),
(186, 1, 47, '98', '######', 2, 0),
(187, 1, 47, '99', '######', 2, 0),
(188, 1, 47, '100', 'NUNGUA', 2, 0),
(189, 1, 48, '101', '######', 2, 0),
(190, 1, 48, '102', '######', 2, 0),
(191, 1, 48, '103', '######', 2, 0),
(192, 1, 49, '67', '######', 2, 0),
(193, 1, 49, '68', 'NUNGUA', 2, 0),
(194, 1, 49, '69', '######', 2, 0),
(195, 1, 50, '104', 'AWOSHIE KWASHIEMAN', 2, 0),
(196, 1, 50, '105', '######', 2, 0),
(197, 1, 50, '106', '######', 2, 0),
(198, 1, 51, '107', '######', 2, 0),
(199, 1, 51, '108', 'NEW ACHIMOTA', 2, 0),
(200, 1, 51, '109', 'AKWETEMAN', 2, 0),
(201, 1, 52, '110', 'ACHIMOTA', 2, 0),
(202, 1, 52, '111', '######', 2, 0),
(203, 1, 52, '112', '######', 2, 0),
(204, 1, 53, '113', 'EAST LEGON SHIASHIE', 2, 0),
(205, 1, 53, '114', 'BAWALESHIE NUNGUA NEW TOWN', 2, 0),
(206, 1, 53, '115', 'TESSA AJIRIGANO', 2, 0),
(207, 1, 54, '116', 'MPEHUASEM', 2, 0),
(208, 1, 54, '117', 'OPKONGLO', 2, 0),
(209, 1, 54, '118', 'S. LEGON', 2, 0),
(210, 1, 55, '119', '######', 2, 0),
(211, 1, 55, '120', 'KISSEMAN', 2, 0),
(212, 1, 56, '121', 'MADINA EAST', 2, 0),
(213, 1, 56, '122', '######', 2, 0),
(214, 1, 56, '123', 'MADINA', 2, 0),
(215, 1, 57, '124', 'NORTH LEGON', 2, 0),
(216, 1, 57, '125', 'ADENTA', 2, 0),
(217, 1, 57, '126', 'AGBOBGA', 2, 0),
(218, 1, 58, '127', 'ADENTA', 2, 0),
(219, 1, 58, '128', 'AGBOGBA', 2, 0),
(220, 1, 58, '129', 'ADENTA', 2, 0),
(221, 1, 59, '130', 'ABLADZEI', 2, 0),
(222, 1, 59, '131', '######', 2, 0),
(223, 1, 59, '132', 'OYARIFA', 2, 0),
(224, 1, 59, '132/2', '######', 2, 0),
(225, 1, 60, '133', 'OYARIFA', 2, 0),
(226, 1, 60, '134', '######', 2, 0),
(227, 1, 60, '135', 'PANTANG', 2, 0),
(228, 1, 61, '136', 'OYARIFA', 2, 0),
(229, 1, 61, '137', '######', 2, 0),
(230, 1, 61, '138', '######', 2, 0),
(231, 1, 62, '139', '######', 2, 0),
(232, 1, 62, '140', 'ADJAGONTE AKPORMON', 2, 0),
(233, 1, 62, '141', '######', 2, 0),
(234, 1, 63, '142', '######', 2, 0),
(235, 1, 63, '143', 'OYARIFA', 2, 0),
(236, 1, 63, '144', 'TEIMAN', 2, 0),
(237, 1, 64, '145', '######', 2, 0),
(238, 1, 64, '146', '######', 2, 0),
(239, 1, 64, '147', '######', 2, 0),
(240, 1, 65, '148', '######', 2, 0),
(241, 1, 65, '149', '######', 2, 0),
(242, 1, 65, '150', '######', 2, 0),
(243, 1, 66, '151', '######', 2, 0),
(244, 1, 66, '152', '######', 2, 0),
(245, 1, 66, '153', '######', 2, 0),
(246, 1, 67, '154', '######', 2, 0),
(247, 1, 67, '155', '######', 2, 0),
(248, 1, 68, '156', '######', 2, 0),
(249, 1, 68, '157', 'OKOE W. KISSEMAN', 2, 0),
(250, 1, 68, '158', 'ACHIMOTA', 2, 0),
(251, 1, 69, '159', 'ACHIMOTA', 2, 0),
(252, 1, 69, '160', 'KISSEMAN PARADISE EST', 2, 0),
(253, 1, 69, '161', 'OKOE', 2, 0),
(254, 1, 70, '162', 'TAIFA', 2, 0),
(255, 1, 70, '163', 'OFANKOR TAIFA', 2, 0),
(256, 1, 70, '164', '######', 2, 0),
(257, 1, 71, '165', '######', 2, 0),
(258, 1, 71, '166', 'PAPAO', 2, 0),
(259, 1, 71, '167', 'HAATSO', 2, 0),
(260, 1, 72, '168', 'AGBOGBA HAATSO', 2, 0),
(261, 1, 72, '169', 'ASHONGMAN', 2, 0),
(262, 1, 72, '170', 'ASHONGMAN KWABENYA', 2, 0),
(263, 1, 73, '171', 'TAIFA', 2, 0),
(264, 1, 73, '172', 'W. TAIFA', 2, 0),
(265, 1, 73, '173', 'N. TAIFA', 2, 0),
(266, 1, 74, '174', 'KWABENYA', 2, 0),
(267, 1, 74, '175', 'KWABENYA', 2, 0),
(268, 1, 74, '176', 'KWABENYA', 2, 0),
(269, 1, 75, '177', '######', 2, 0),
(270, 1, 75, '178', 'POKOASE', 2, 0),
(271, 1, 75, '179', 'AGBOGBA', 2, 0),
(272, 1, 76, '180', 'KWABENYA', 2, 0),
(273, 1, 76, '181', 'ASHONGMAN', 2, 0),
(274, 1, 76, '182', '######', 2, 0),
(275, 1, 77, '183', 'ASHONGMAN', 2, 0),
(276, 1, 77, '184', '######', 2, 0),
(277, 1, 77, '185', '######', 2, 0),
(278, 1, 78, '186', '######', 2, 0),
(279, 1, 78, '187', 'ACHIMOTA', 2, 0),
(280, 1, 78, '188', 'N. AKWETEMAN', 2, 0);

-- --------------------------------------------------------

--
-- Table structure for table `transfer`
--

CREATE TABLE IF NOT EXISTS `transfer` (
  `id` int(11) NOT NULL AUTO_INCREMENT,
  `cno` varchar(50) NOT NULL,
  `prop` varchar(100) NOT NULL,
  `prop1` varchar(200) NOT NULL,
  `amtpaid` double NOT NULL,
  `doi` date NOT NULL,
  `lno` varchar(50) NOT NULL,
  `pno` varchar(50) NOT NULL,
  `section` int(11) NOT NULL,
  `plno` varchar(50) NOT NULL,
  `dol` date NOT NULL,
  `volume` int(11) NOT NULL,
  `folio` int(11) NOT NULL,
  `remarks` varchar(100) NOT NULL,
  `user` int(11) NOT NULL,
  `location` int(11) NOT NULL,
  `created` datetime NOT NULL,
  `deleted` tinyint(1) NOT NULL,
  PRIMARY KEY (`id`)
) ENGINE=InnoDB DEFAULT CHARSET=latin1 AUTO_INCREMENT=1 ;

-- --------------------------------------------------------

--
-- Table structure for table `user`
--

CREATE TABLE IF NOT EXISTS `user` (
  `id` int(11) NOT NULL AUTO_INCREMENT,
  `name` varchar(100) NOT NULL,
  `email` varchar(50) NOT NULL,
  `password` varchar(100) NOT NULL,
  `role` varchar(15) NOT NULL,
  `deleted` tinyint(1) NOT NULL,
  PRIMARY KEY (`id`)
) ENGINE=InnoDB  DEFAULT CHARSET=latin1 AUTO_INCREMENT=3 ;

--
-- Dumping data for table `user`
--

INSERT INTO `user` (`id`, `name`, `email`, `password`, `role`, `deleted`) VALUES
(1, 'Test User', 'test@lc.com', '5f4dcc3b5aa765d61d8327deb882cf99', 'administrator', 0),
(2, 'Ernest Pobee', 'ernestpob@gmail.com', '32250170a0dca92d53ec9624f336ca24', 'sudo', 0);

-- --------------------------------------------------------

--
-- Table structure for table `volume`
--

CREATE TABLE IF NOT EXISTS `volume` (
  `id` int(11) NOT NULL AUTO_INCREMENT,
  `location` int(11) NOT NULL,
  `no` int(11) NOT NULL,
  `district` varchar(5) NOT NULL,
  `user` int(11) NOT NULL,
  `deleted` tinyint(1) NOT NULL,
  PRIMARY KEY (`id`)
) ENGINE=InnoDB  DEFAULT CHARSET=latin1 AUTO_INCREMENT=105 ;

--
-- Dumping data for table `volume`
--

INSERT INTO `volume` (`id`, `location`, `no`, `district`, `user`, `deleted`) VALUES
(1, 1, 1, '03', 1, 0),
(2, 1, 2, '03', 1, 0),
(3, 1, 3, '03', 1, 0),
(4, 1, 4, '03', 2, 0),
(5, 1, 5, '03', 2, 0),
(6, 1, 6, '03', 2, 0),
(7, 1, 7, '03', 2, 0),
(8, 1, 8, '03', 2, 0),
(9, 1, 9, '03', 2, 0),
(10, 1, 10, '03', 2, 0),
(11, 1, 11, '03', 2, 0),
(12, 1, 12, '03', 2, 0),
(13, 1, 13, '03', 2, 0),
(14, 1, 14, '03', 2, 0),
(15, 1, 15, '04', 2, 0),
(16, 1, 16, '04', 2, 0),
(17, 1, 17, '04', 2, 0),
(18, 1, 18, '04', 2, 0),
(19, 1, 19, '04', 2, 0),
(20, 1, 20, '04', 2, 0),
(21, 1, 21, '04', 2, 0),
(22, 1, 22, '04', 2, 0),
(23, 1, 23, '04', 2, 0),
(24, 1, 24, '04', 2, 0),
(25, 1, 25, '04', 2, 0),
(26, 1, 26, '04', 2, 0),
(27, 1, 27, '04', 2, 0),
(28, 1, 28, '04', 2, 0),
(29, 1, 29, '04', 2, 0),
(30, 1, 30, '04', 2, 0),
(31, 1, 31, '04', 2, 0),
(32, 1, 32, '04', 2, 0),
(33, 1, 33, '04', 2, 0),
(34, 1, 34, '02', 2, 0),
(35, 1, 35, '02', 2, 0),
(36, 1, 36, '02', 2, 0),
(37, 1, 37, '02', 2, 0),
(38, 1, 38, '02', 2, 0),
(39, 1, 39, '02', 2, 0),
(40, 1, 40, '02', 2, 0),
(41, 1, 41, '02', 2, 0),
(42, 1, 42, '02', 2, 0),
(43, 1, 43, '02', 2, 0),
(44, 1, 44, '02', 2, 0),
(45, 1, 45, '02', 2, 0),
(46, 1, 46, '02', 2, 0),
(47, 1, 47, '02', 2, 0),
(48, 1, 48, '02', 2, 0),
(49, 1, 49, '02', 2, 0),
(50, 1, 50, '01', 2, 0),
(51, 1, 51, '01', 2, 0),
(52, 1, 52, '01', 2, 0),
(53, 1, 53, '01', 2, 0),
(54, 1, 54, '01', 2, 0),
(55, 1, 55, '01', 2, 0),
(56, 1, 56, '05', 2, 0),
(57, 1, 57, '05', 2, 0),
(58, 1, 58, '05', 2, 0),
(59, 1, 59, '05', 2, 0),
(60, 1, 60, '05', 2, 0),
(61, 1, 61, '05', 2, 0),
(62, 1, 62, '05', 2, 0),
(63, 1, 63, '05', 2, 0),
(64, 1, 64, '05', 2, 0),
(65, 1, 65, '05', 2, 0),
(66, 1, 66, '05', 2, 0),
(67, 1, 67, '05', 2, 0),
(68, 1, 68, '06', 2, 0),
(69, 1, 69, '06', 2, 0),
(70, 1, 70, '06', 2, 0),
(71, 1, 71, '06', 2, 0),
(72, 1, 72, '06', 2, 0),
(73, 1, 73, '06', 2, 0),
(74, 1, 74, '06', 2, 0),
(75, 1, 75, '06', 2, 0),
(76, 1, 76, '06', 2, 0),
(77, 1, 77, '06', 2, 0),
(78, 1, 78, '06,07', 2, 0),
(79, 1, 79, '07', 2, 0),
(80, 1, 80, '07', 2, 0),
(81, 1, 81, '07', 2, 0),
(82, 1, 82, '07', 2, 0),
(83, 1, 83, '07', 2, 0),
(84, 1, 84, '07', 2, 0),
(85, 1, 85, '07', 2, 0),
(86, 1, 86, '07', 2, 0),
(87, 1, 87, '07', 2, 0),
(88, 1, 88, '07', 2, 0),
(89, 1, 89, '08', 2, 0),
(90, 1, 90, '08', 2, 0),
(91, 1, 91, '08', 2, 0),
(92, 1, 92, '08', 2, 0),
(93, 1, 93, '08', 2, 0),
(94, 1, 94, '08', 2, 0),
(95, 1, 95, '09', 2, 0),
(96, 1, 96, '09', 2, 0),
(97, 1, 97, '09', 2, 0),
(98, 1, 98, '09', 2, 0),
(99, 1, 99, '010', 2, 0),
(100, 1, 100, '011', 2, 0),
(101, 1, 101, '012', 2, 0),
(102, 1, 102, '013', 2, 0),
(103, 1, 103, '014', 2, 0),
(104, 1, 104, '015', 2, 0);

/*!40101 SET CHARACTER_SET_CLIENT=@OLD_CHARACTER_SET_CLIENT */;
/*!40101 SET CHARACTER_SET_RESULTS=@OLD_CHARACTER_SET_RESULTS */;
/*!40101 SET COLLATION_CONNECTION=@OLD_COLLATION_CONNECTION */;
